"target_audience","avg_conversion"
"Men 18-24","0.08023995230761587759"
"Men 25-34","0.08013167428728481123"
"Women 35-44","0.08010204852974525663"
"All Ages","0.07997476198805567356"
"Women 25-34","0.07989903281433534101"
