"duration","total_roi","avg_roi"
"30 days","251721.61","5.0088868769276689"
"60 days","249653.13","5.0064799663097100"
"45 days","250381.13","4.9976273453093812"
"15 days","248731.70","4.9967195001908435"
