"channel_used","avg_roi","avg_conversion"
"Facebook","5.0186986197020019","0.07999177305828940553"
"Website","5.0141666666666667","0.08018285371702637890"
"Google Ads","5.0031413362043184","0.08018332436150487469"
"Email","4.9964865025744814","0.08028155599869043722"
"YouTube","4.9937541926209871","0.07988919501677048395"
"Instagram","4.9887059774796358","0.07988649976042165788"
