"channel","total_roi","total_cost","roi_per_dollar"
"Website","167272.60","416593500.00","0.00040152474774570415"
"Facebook","164708.67","410595258.00","0.00040114605999663055"
"YouTube","166751.44","416778582.00","0.00040009599149699108"
"Instagram","166582.87","417124850.00","0.00039935973605983916"
"Google Ads","167295.04","418912314.00","0.00039935574679716863"
"Email","167876.95","420874104.00","0.00039887688124427822"
