"company","avg_cost","avg_roi"
"Alpha Innovations","12513.595690494619","5.0059436718184315"
"DataTech Solutions","12503.275617314806","5.0055370888733380"
"Innovate Industries","12500.535621647485","5.0021750736608829"
"NexGen Systems","12495.224075416969","4.9913525543247231"
"TechCorp","12509.263811914407","5.0071431766781818"
