"language","total_roi","avg_conversion"
"Mandarin","201569.40","0.08003626878648615079"
"Spanish","200578.37","0.07991820856815121440"
"German","199957.15","0.07997273841382587600"
"French","199272.32","0.08025425007544512624"
"English","199110.33","0.08016868859033487066"
